Ethnicity,Age_Range,F,M,Year
BAN,0-4,4514,4710,2012
BAN,10-14,4161,4283,2012
BAN,15-19,3599,3795,2012
BAN,20-24,3857,3936,2012
BAN,25-29,4578,4120,2012
BAN,30-34,4302,4014,2012
BAN,35-39,3189,3680,2012
BAN,40-44,2027,2764,2012
BAN,45-49,1307,1733,2012
BAN,5-9,4670,4729,2012
BAN,50-54,980,1427,2012
BAN,55-59,1014,862,2012
BAN,60-64,785,264,2012
BAN,65-69,524,241,2012
BAN,70-74,623,541,2012
BAN,75-79,377,515,2012
BAN,80-84,178,289,2012
BAN,85+,78,88,2012
BLA,0-4,469,488,2012
BLA,10-14,339,341,2012
BLA,15-19,284,332,2012
BLA,20-24,464,397,2012
BLA,25-29,582,470,2012
BLA,30-34,572,500,2012
BLA,35-39,469,433,2012
BLA,40-44,418,346,2012
BLA,45-49,321,292,2012
BLA,5-9,388,404,2012
BLA,50-54,212,209,2012
BLA,55-59,144,135,2012
BLA,60-64,116,87,2012
BLA,65-69,72,55,2012
BLA,70-74,62,55,2012
BLA,75-79,39,41,2012
BLA,80-84,29,28,2012
BLA,85+,21,22,2012
BLC,0-4,150,163,2012
BLC,10-14,102,118,2012
BLC,15-19,145,132,2012
BLC,20-24,224,196,2012
BLC,25-29,280,226,2012
BLC,30-34,236,201,2012
BLC,35-39,175,166,2012
BLC,40-44,250,227,2012
BLC,45-49,284,248,2012
BLC,5-9,146,120,2012
BLC,50-54,235,206,2012
BLC,55-59,168,144,2012
BLC,60-64,97,79,2012
BLC,65-69,88,53,2012
BLC,70-74,101,99,2012
BLC,75-79,97,79,2012
BLC,80-84,59,50,2012
BLC,85+,40,28,2012
CHI,0-4,196,228,2012
CHI,10-14,49,47,2012
CHI,15-19,104,94,2012
CHI,20-24,842,649,2012
CHI,25-29,1200,1025,2012
CHI,30-34,865,740,2012
CHI,35-39,370,347,2012
CHI,40-44,207,170,2012
CHI,45-49,127,92,2012
CHI,5-9,69,69,2012
CHI,50-54,100,88,2012
CHI,55-59,101,79,2012
CHI,60-64,70,56,2012
CHI,65-69,41,39,2012
CHI,70-74,35,30,2012
CHI,75-79,16,29,2012
CHI,80-84,12,13,2012
CHI,85+,15,12,2012
IND,0-4,260,239,2012
IND,10-14,50,57,2012
IND,15-19,71,63,2012
IND,20-24,389,407,2012
IND,25-29,793,909,2012
IND,30-34,701,961,2012
IND,35-39,326,484,2012
IND,40-44,144,185,2012
IND,45-49,94,101,2012
IND,5-9,98,100,2012
IND,50-54,71,86,2012
IND,55-59,58,61,2012
IND,60-64,33,33,2012
IND,65-69,23,24,2012
IND,70-74,20,28,2012
IND,75-79,18,17,2012
IND,80-84,12,13,2012
IND,85+,7,2,2012
MIX,0-4,821,873,2012
MIX,10-14,368,394,2012
MIX,15-19,333,365,2012
MIX,20-24,687,522,2012
MIX,25-29,861,716,2012
MIX,30-34,577,575,2012
MIX,35-39,302,329,2012
MIX,40-44,221,254,2012
MIX,45-49,155,205,2012
MIX,5-9,611,635,2012
MIX,50-54,121,130,2012
MIX,55-59,85,82,2012
MIX,60-64,55,45,2012
MIX,65-69,28,33,2012
MIX,70-74,30,23,2012
MIX,75-79,22,22,2012
MIX,80-84,16,12,2012
MIX,85+,13,9,2012
OAS,0-4,193,210,2012
OAS,10-14,87,97,2012
OAS,15-19,130,139,2012
OAS,20-24,390,356,2012
OAS,25-29,569,453,2012
OAS,30-34,569,395,2012
OAS,35-39,399,340,2012
OAS,40-44,240,153,2012
OAS,45-49,133,91,2012
OAS,5-9,159,131,2012
OAS,50-54,111,68,2012
OAS,55-59,84,62,2012
OAS,60-64,70,44,2012
OAS,65-69,43,31,2012
OAS,70-74,32,8,2012
OAS,75-79,18,13,2012
OAS,80-84,12,11,2012
OAS,85+,5,8,2012
OBL,0-4,274,292,2012
OBL,10-14,193,191,2012
OBL,15-19,137,148,2012
OBL,20-24,118,147,2012
OBL,25-29,183,126,2012
OBL,30-34,173,130,2012
OBL,35-39,144,122,2012
OBL,40-44,127,137,2012
OBL,45-49,137,129,2012
OBL,5-9,220,253,2012
OBL,50-54,70,82,2012
OBL,55-59,40,40,2012
OBL,60-64,36,21,2012
OBL,65-69,37,18,2012
OBL,70-74,25,17,2012
OBL,75-79,18,18,2012
OBL,80-84,14,12,2012
OBL,85+,13,13,2012
OTH,0-4,202,217,2012
OTH,10-14,103,130,2012
OTH,15-19,121,139,2012
OTH,20-24,293,429,2012
OTH,25-29,388,634,2012
OTH,30-34,378,552,2012
OTH,35-39,249,361,2012
OTH,40-44,147,263,2012
OTH,45-49,107,239,2012
OTH,5-9,167,165,2012
OTH,50-54,88,116,2012
OTH,55-59,64,76,2012
OTH,60-64,43,41,2012
OTH,65-69,22,32,2012
OTH,70-74,30,23,2012
OTH,75-79,15,20,2012
OTH,80-84,12,9,2012
OTH,85+,9,8,2012
PAK,0-4,87,111,2012
PAK,10-14,50,51,2012
PAK,15-19,61,65,2012
PAK,20-24,167,247,2012
PAK,25-29,178,241,2012
PAK,30-34,133,214,2012
PAK,35-39,94,122,2012
PAK,40-44,59,67,2012
PAK,45-49,38,62,2012
PAK,5-9,76,75,2012
PAK,50-54,34,40,2012
PAK,55-59,33,31,2012
PAK,60-64,26,20,2012
PAK,65-69,16,22,2012
PAK,70-74,13,12,2012
PAK,75-79,6,14,2012
PAK,80-84,3,10,2012
PAK,85+,2,6,2012
WBI,0-4,2150,2244,2012
WBI,10-14,912,975,2012
WBI,15-19,1225,1208,2012
WBI,20-24,4617,4225,2012
WBI,25-29,6364,7256,2012
WBI,30-34,4592,6107,2012
WBI,35-39,2708,4125,2012
WBI,40-44,2319,3414,2012
WBI,45-49,2276,2968,2012
WBI,5-9,1124,1098,2012
WBI,50-54,2087,2744,2012
WBI,55-59,1905,2401,2012
WBI,60-64,1657,2004,2012
WBI,65-69,1292,1501,2012
WBI,70-74,1059,990,2012
WBI,75-79,1039,847,2012
WBI,80-84,1058,656,2012
WBI,85+,1103,569,2012
WHO,0-4,741,759,2012
WHO,10-14,164,155,2012
WHO,15-19,258,252,2012
WHO,20-24,1954,1463,2012
WHO,25-29,3919,3818,2012
WHO,30-34,3620,3976,2012
WHO,35-39,2028,2520,2012
WHO,40-44,972,1347,2012
WHO,45-49,539,727,2012
WHO,5-9,264,261,2012
WHO,50-54,359,389,2012
WHO,55-59,281,260,2012
WHO,60-64,214,189,2012
WHO,65-69,125,138,2012
WHO,70-74,71,56,2012
WHO,75-79,70,51,2012
WHO,80-84,47,30,2012
WHO,85+,47,41,2012
BAN,0-4,4699,4802,2013
BAN,10-14,4290,4414,2013
BAN,15-19,3823,3991,2013
BAN,20-24,3516,3599,2013
BAN,25-29,4643,4279,2013
BAN,30-34,4423,4052,2013
BAN,35-39,3441,3755,2013
BAN,40-44,2163,2939,2013
BAN,45-49,1423,1898,2013
BAN,5-9,4598,4698,2013
BAN,50-54,1028,1471,2013
BAN,55-59,997,979,2013
BAN,60-64,855,360,2013
BAN,65-69,537,219,2013
BAN,70-74,598,439,2013
BAN,75-79,427,518,2013
BAN,80-84,207,316,2013
BAN,85+,92,120,2013
BLA,0-4,483,514,2013
BLA,10-14,331,340,2013
BLA,15-19,290,338,2013
BLA,20-24,411,358,2013
BLA,25-29,584,465,2013
BLA,30-34,592,507,2013
BLA,35-39,477,445,2013
BLA,40-44,428,368,2013
BLA,45-49,335,297,2013
BLA,5-9,407,424,2013
BLA,50-54,233,223,2013
BLA,55-59,163,154,2013
BLA,60-64,111,82,2013
BLA,65-69,84,69,2013
BLA,70-74,67,52,2013
BLA,75-79,40,47,2013
BLA,80-84,27,24,2013
BLA,85+,27,29,2013
BLC,0-4,153,175,2013
BLC,10-14,108,116,2013
BLC,15-19,143,128,2013
BLC,20-24,195,178,2013
BLC,25-29,283,239,2013
BLC,30-34,248,200,2013
BLC,35-39,179,175,2013
BLC,40-44,238,198,2013
BLC,45-49,276,255,2013
BLC,5-9,144,121,2013
BLC,50-54,254,210,2013
BLC,55-59,172,151,2013
BLC,60-64,111,98,2013
BLC,65-69,85,58,2013
BLC,70-74,104,71,2013
BLC,75-79,89,89,2013
BLC,80-84,69,59,2013
BLC,85+,46,31,2013
CHI,0-4,244,293,2013
CHI,10-14,52,49,2013
CHI,15-19,71,65,2013
CHI,20-24,632,502,2013
CHI,25-29,1208,1011,2013
CHI,30-34,974,817,2013
CHI,35-39,452,408,2013
CHI,40-44,226,202,2013
CHI,45-49,139,100,2013
CHI,5-9,83,85,2013
CHI,50-54,97,87,2013
CHI,55-59,103,78,2013
CHI,60-64,78,56,2013
CHI,65-69,48,54,2013
CHI,70-74,31,24,2013
CHI,75-79,20,26,2013
CHI,80-84,12,16,2013
CHI,85+,15,12,2013
IND,0-4,316,306,2013
IND,10-14,46,58,2013
IND,15-19,53,41,2013
IND,20-24,318,328,2013
IND,25-29,715,810,2013
IND,30-34,764,991,2013
IND,35-39,397,587,2013
IND,40-44,170,226,2013
IND,45-49,98,117,2013
IND,5-9,128,128,2013
IND,50-54,70,78,2013
IND,55-59,63,67,2013
IND,60-64,38,41,2013
IND,65-69,22,24,2013
IND,70-74,23,28,2013
IND,75-79,16,15,2013
IND,80-84,11,14,2013
IND,85+,9,4,2013
MIX,0-4,725,779,2013
MIX,10-14,387,397,2013
MIX,15-19,324,367,2013
MIX,20-24,578,462,2013
MIX,25-29,869,705,2013
MIX,30-34,656,617,2013
MIX,35-39,355,376,2013
MIX,40-44,233,257,2013
MIX,45-49,159,216,2013
MIX,5-9,688,720,2013
MIX,50-54,124,145,2013
MIX,55-59,96,86,2013
MIX,60-64,53,55,2013
MIX,65-69,32,37,2013
MIX,70-74,30,16,2013
MIX,75-79,24,24,2013
MIX,80-84,17,13,2013
MIX,85+,15,8,2013
OAS,0-4,226,235,2013
OAS,10-14,105,103,2013
OAS,15-19,88,117,2013
OAS,20-24,343,308,2013
OAS,25-29,557,451,2013
OAS,30-34,586,417,2013
OAS,35-39,429,345,2013
OAS,40-44,270,195,2013
OAS,45-49,153,98,2013
OAS,5-9,172,149,2013
OAS,50-54,107,64,2013
OAS,55-59,86,66,2013
OAS,60-64,74,45,2013
OAS,65-69,49,34,2013
OAS,70-74,37,13,2013
OAS,75-79,17,11,2013
OAS,80-84,11,13,2013
OAS,85+,6,8,2013
OBL,0-4,239,246,2013
OBL,10-14,191,208,2013
OBL,15-19,151,157,2013
OBL,20-24,112,149,2013
OBL,25-29,173,128,2013
OBL,30-34,177,129,2013
OBL,35-39,156,132,2013
OBL,40-44,124,122,2013
OBL,45-49,137,131,2013
OBL,5-9,245,256,2013
OBL,50-54,76,101,2013
OBL,55-59,49,46,2013
OBL,60-64,40,22,2013
OBL,65-69,36,17,2013
OBL,70-74,23,18,2013
OBL,75-79,20,12,2013
OBL,80-84,16,15,2013
OBL,85+,15,15,2013
OTH,0-4,203,224,2013
OTH,10-14,106,135,2013
OTH,15-19,103,116,2013
OTH,20-24,265,351,2013
OTH,25-29,374,630,2013
OTH,30-34,389,573,2013
OTH,35-39,282,404,2013
OTH,40-44,156,275,2013
OTH,45-49,113,231,2013
OTH,5-9,183,178,2013
OTH,50-54,90,154,2013
OTH,55-59,68,70,2013
OTH,60-64,52,47,2013
OTH,65-69,19,37,2013
OTH,70-74,28,21,2013
OTH,75-79,19,21,2013
OTH,80-84,13,10,2013
OTH,85+,9,6,2013
PAK,0-4,109,137,2013
PAK,10-14,51,52,2013
PAK,15-19,55,43,2013
PAK,20-24,143,224,2013
PAK,25-29,190,250,2013
PAK,30-34,148,219,2013
PAK,35-39,97,147,2013
PAK,40-44,59,69,2013
PAK,45-49,45,62,2013
PAK,5-9,76,77,2013
PAK,50-54,31,48,2013
PAK,55-59,31,31,2013
PAK,60-64,35,21,2013
PAK,65-69,13,24,2013
PAK,70-74,14,10,2013
PAK,75-79,7,14,2013
PAK,80-84,2,11,2013
PAK,85+,3,7,2013
WBI,0-4,2553,2606,2013
WBI,10-14,913,968,2013
WBI,15-19,964,1049,2013
WBI,20-24,3835,3417,2013
WBI,25-29,6350,6925,2013
WBI,30-34,5115,6547,2013
WBI,35-39,3002,4486,2013
WBI,40-44,2296,3463,2013
WBI,45-49,2272,3046,2013
WBI,5-9,1233,1213,2013
WBI,50-54,2123,2763,2013
WBI,55-59,1926,2430,2013
WBI,60-64,1726,2031,2013
WBI,65-69,1325,1637,2013
WBI,70-74,1091,1007,2013
WBI,75-79,1000,847,2013
WBI,80-84,992,673,2013
WBI,85+,1207,588,2013
WHO,0-4,1127,1111,2013
WHO,10-14,175,163,2013
WHO,15-19,170,183,2013
WHO,20-24,1535,1153,2013
WHO,25-29,3661,3391,2013
WHO,30-34,3845,4111,2013
WHO,35-39,2319,2831,2013
WHO,40-44,1101,1503,2013
WHO,45-49,595,828,2013
WHO,5-9,311,328,2013
WHO,50-54,387,452,2013
WHO,55-59,306,268,2013
WHO,60-64,220,193,2013
WHO,65-69,142,152,2013
WHO,70-74,72,65,2013
WHO,75-79,70,49,2013
WHO,80-84,46,33,2013
WHO,85+,54,39,2013
BAN,0-4,4783,4918,2014
BAN,10-14,4453,4535,2014
BAN,15-19,3904,4043,2014
BAN,20-24,3412,3605,2014
BAN,25-29,4533,4286,2014
BAN,30-34,4536,4038,2014
BAN,35-39,3621,3834,2014
BAN,40-44,2391,3087,2014
BAN,45-49,1548,2122,2014
BAN,5-9,4581,4671,2014
BAN,50-54,1074,1494,2014
BAN,55-59,990,1120,2014
BAN,60-64,905,466,2014
BAN,65-69,586,199,2014
BAN,70-74,566,363,2014
BAN,75-79,466,528,2014
BAN,80-84,230,327,2014
BAN,85+,104,145,2014
BLA,0-4,477,527,2014
BLA,10-14,345,362,2014
BLA,15-19,300,337,2014
BLA,20-24,380,340,2014
BLA,25-29,550,467,2014
BLA,30-34,604,488,2014
BLA,35-39,503,457,2014
BLA,40-44,420,389,2014
BLA,45-49,363,314,2014
BLA,5-9,428,434,2014
BLA,50-54,260,234,2014
BLA,55-59,177,165,2014
BLA,60-64,114,87,2014
BLA,65-69,89,76,2014
BLA,70-74,63,49,2014
BLA,75-79,46,50,2014
BLA,80-84,29,26,2014
BLA,85+,30,28,2014
BLC,0-4,155,172,2014
BLC,10-14,117,112,2014
BLC,15-19,126,123,2014
BLC,20-24,181,170,2014
BLC,25-29,280,231,2014
BLC,30-34,263,207,2014
BLC,35-39,189,180,2014
BLC,40-44,206,188,2014
BLC,45-49,273,241,2014
BLC,5-9,138,133,2014
BLC,50-54,273,220,2014
BLC,55-59,180,165,2014
BLC,60-64,131,116,2014
BLC,65-69,82,55,2014
BLC,70-74,102,69,2014
BLC,75-79,89,82,2014
BLC,80-84,69,58,2014
BLC,85+,51,38,2014
CHI,0-4,294,331,2014
CHI,10-14,52,51,2014
CHI,15-19,70,64,2014
CHI,20-24,446,360,2014
CHI,25-29,1147,941,2014
CHI,30-34,1089,900,2014
CHI,35-39,532,496,2014
CHI,40-44,247,230,2014
CHI,45-49,151,108,2014
CHI,5-9,105,117,2014
CHI,50-54,106,83,2014
CHI,55-59,104,79,2014
CHI,60-64,84,62,2014
CHI,65-69,48,53,2014
CHI,70-74,31,27,2014
CHI,75-79,23,24,2014
CHI,80-84,16,17,2014
CHI,85+,13,11,2014
IND,0-4,356,345,2014
IND,10-14,53,61,2014
IND,15-19,55,44,2014
IND,20-24,238,245,2014
IND,25-29,622,709,2014
IND,30-34,814,991,2014
IND,35-39,476,699,2014
IND,40-44,190,269,2014
IND,45-49,109,124,2014
IND,5-9,156,155,2014
IND,50-54,79,83,2014
IND,55-59,66,74,2014
IND,60-64,40,48,2014
IND,65-69,25,23,2014
IND,70-74,22,20,2014
IND,75-79,12,23,2014
IND,80-84,13,13,2014
IND,85+,11,5,2014
MIX,0-4,623,659,2014
MIX,10-14,431,433,2014
MIX,15-19,344,373,2014
MIX,20-24,468,441,2014
MIX,25-29,882,664,2014
MIX,30-34,710,642,2014
MIX,35-39,398,436,2014
MIX,40-44,241,271,2014
MIX,45-49,172,219,2014
MIX,5-9,750,774,2014
MIX,50-54,133,161,2014
MIX,55-59,98,101,2014
MIX,60-64,65,55,2014
MIX,65-69,32,40,2014
MIX,70-74,32,15,2014
MIX,75-79,20,22,2014
MIX,80-84,22,14,2014
MIX,85+,15,9,2014
OAS,0-4,279,283,2014
OAS,10-14,114,109,2014
OAS,15-19,95,109,2014
OAS,20-24,273,248,2014
OAS,25-29,529,444,2014
OAS,30-34,592,445,2014
OAS,35-39,476,337,2014
OAS,40-44,284,240,2014
OAS,45-49,181,106,2014
OAS,5-9,170,153,2014
OAS,50-54,108,70,2014
OAS,55-59,92,66,2014
OAS,60-64,75,50,2014
OAS,65-69,53,34,2014
OAS,70-74,39,16,2014
OAS,75-79,18,8,2014
OAS,80-84,11,15,2014
OAS,85+,7,8,2014
OBL,0-4,207,197,2014
OBL,10-14,200,220,2014
OBL,15-19,161,172,2014
OBL,20-24,120,139,2014
OBL,25-29,159,139,2014
OBL,30-34,184,133,2014
OBL,35-39,159,128,2014
OBL,40-44,129,122,2014
OBL,45-49,129,131,2014
OBL,5-9,242,264,2014
OBL,50-54,92,109,2014
OBL,55-59,57,56,2014
OBL,60-64,38,25,2014
OBL,65-69,35,14,2014
OBL,70-74,25,20,2014
OBL,75-79,20,10,2014
OBL,80-84,19,15,2014
OBL,85+,17,17,2014
OTH,0-4,217,237,2014
OTH,10-14,116,138,2014
OTH,15-19,111,126,2014
OTH,20-24,217,275,2014
OTH,25-29,367,590,2014
OTH,30-34,396,601,2014
OTH,35-39,298,446,2014
OTH,40-44,175,289,2014
OTH,45-49,123,237,2014
OTH,5-9,185,175,2014
OTH,50-54,88,176,2014
OTH,55-59,78,74,2014
OTH,60-64,52,59,2014
OTH,65-69,23,34,2014
OTH,70-74,25,24,2014
OTH,75-79,25,22,2014
OTH,80-84,9,9,2014
OTH,85+,12,5,2014
PAK,0-4,114,156,2014
PAK,10-14,58,60,2014
PAK,15-19,53,39,2014
PAK,20-24,125,175,2014
PAK,25-29,178,256,2014
PAK,30-34,167,237,2014
PAK,35-39,102,152,2014
PAK,40-44,65,89,2014
PAK,45-49,48,62,2014
PAK,5-9,80,82,2014
PAK,50-54,32,52,2014
PAK,55-59,33,30,2014
PAK,60-64,31,22,2014
PAK,65-69,20,23,2014
PAK,70-74,14,15,2014
PAK,75-79,9,12,2014
PAK,80-84,2,12,2014
PAK,85+,3,7,2014
WBI,0-4,2911,2926,2014
WBI,10-14,949,986,2014
WBI,15-19,960,1017,2014
WBI,20-24,2997,2675,2014
WBI,25-29,6083,6349,2014
WBI,30-34,5621,6980,2014
WBI,35-39,3284,4824,2014
WBI,40-44,2313,3558,2014
WBI,45-49,2266,3107,2014
WBI,5-9,1330,1307,2014
WBI,50-54,2181,2805,2014
WBI,55-59,1972,2505,2014
WBI,60-64,1730,2023,2014
WBI,65-69,1408,1771,2014
WBI,70-74,1114,1047,2014
WBI,75-79,958,827,2014
WBI,80-84,963,673,2014
WBI,85+,1284,619,2014
WHO,0-4,1458,1456,2014
WHO,10-14,195,168,2014
WHO,15-19,154,184,2014
WHO,20-24,1123,832,2014
WHO,25-29,3248,2897,2014
WHO,30-34,4058,4208,2014
WHO,35-39,2629,3132,2014
WHO,40-44,1274,1728,2014
WHO,45-49,689,909,2014
WHO,5-9,354,395,2014
WHO,50-54,411,515,2014
WHO,55-59,303,293,2014
WHO,60-64,234,188,2014
WHO,65-69,152,168,2014
WHO,70-74,81,78,2014
WHO,75-79,69,52,2014
WHO,80-84,54,32,2014
WHO,85+,57,37,2014
BAN,0-4,4908,4992,2015
BAN,10-14,4573,4666,2015
BAN,15-19,3998,4130,2015
BAN,20-24,3419,3617,2015
BAN,25-29,4338,4238,2015
BAN,30-34,4547,3967,2015
BAN,35-39,3818,3856,2015
BAN,40-44,2706,3354,2015
BAN,45-49,1674,2333,2015
BAN,5-9,4567,4721,2015
BAN,50-54,1130,1511,2015
BAN,55-59,973,1235,2015
BAN,60-64,940,582,2015
BAN,65-69,643,175,2015
BAN,70-74,502,301,2015
BAN,75-79,528,518,2015
BAN,80-84,255,346,2015
BAN,85+,120,172,2015
BLA,0-4,474,520,2015
BLA,10-14,359,383,2015
BLA,15-19,299,326,2015
BLA,20-24,346,341,2015
BLA,25-29,524,434,2015
BLA,30-34,610,494,2015
BLA,35-39,507,462,2015
BLA,40-44,447,402,2015
BLA,45-49,381,338,2015
BLA,5-9,459,453,2015
BLA,50-54,278,239,2015
BLA,55-59,185,183,2015
BLA,60-64,127,98,2015
BLA,65-69,94,77,2015
BLA,70-74,66,47,2015
BLA,75-79,50,48,2015
BLA,80-84,28,23,2015
BLA,85+,33,33,2015
BLC,0-4,156,170,2015
BLC,10-14,136,119,2015
BLC,15-19,104,114,2015
BLC,20-24,176,160,2015
BLC,25-29,268,225,2015
BLC,30-34,256,202,2015
BLC,35-39,215,182,2015
BLC,40-44,192,189,2015
BLC,45-49,261,233,2015
BLC,5-9,130,140,2015
BLC,50-54,281,240,2015
BLC,55-59,201,166,2015
BLC,60-64,135,129,2015
BLC,65-69,87,56,2015
BLC,70-74,95,57,2015
BLC,75-79,87,79,2015
BLC,80-84,77,59,2015
BLC,85+,61,44,2015
CHI,0-4,339,367,2015
CHI,10-14,52,52,2015
CHI,15-19,57,48,2015
CHI,20-24,307,244,2015
CHI,25-29,1069,890,2015
CHI,30-34,1166,950,2015
CHI,35-39,626,564,2015
CHI,40-44,287,273,2015
CHI,45-49,159,120,2015
CHI,5-9,121,144,2015
CHI,50-54,111,80,2015
CHI,55-59,94,80,2015
CHI,60-64,90,72,2015
CHI,65-69,58,50,2015
CHI,70-74,30,28,2015
CHI,75-79,29,21,2015
CHI,80-84,14,16,2015
CHI,85+,15,15,2015
IND,0-4,412,396,2015
IND,10-14,60,70,2015
IND,15-19,54,44,2015
IND,20-24,169,181,2015
IND,25-29,520,584,2015
IND,30-34,845,988,2015
IND,35-39,568,819,2015
IND,40-44,216,317,2015
IND,45-49,124,139,2015
IND,5-9,183,173,2015
IND,50-54,82,83,2015
IND,55-59,70,81,2015
IND,60-64,44,50,2015
IND,65-69,24,27,2015
IND,70-74,26,17,2015
IND,75-79,10,20,2015
IND,80-84,14,13,2015
IND,85+,11,6,2015
MIX,0-4,512,515,2015
MIX,10-14,487,459,2015
MIX,15-19,346,369,2015
MIX,20-24,391,428,2015
MIX,25-29,857,618,2015
MIX,30-34,755,677,2015
MIX,35-39,449,488,2015
MIX,40-44,266,286,2015
MIX,45-49,190,222,2015
MIX,5-9,827,877,2015
MIX,50-54,123,178,2015
MIX,55-59,118,110,2015
MIX,60-64,69,59,2015
MIX,65-69,36,37,2015
MIX,70-74,26,19,2015
MIX,75-79,24,19,2015
MIX,80-84,19,15,2015
MIX,85+,20,8,2015
OAS,0-4,320,315,2015
OAS,10-14,121,109,2015
OAS,15-19,96,111,2015
OAS,20-24,224,192,2015
OAS,25-29,477,444,2015
OAS,30-34,591,430,2015
OAS,35-39,514,369,2015
OAS,40-44,317,267,2015
OAS,45-49,199,120,2015
OAS,5-9,179,173,2015
OAS,50-54,122,75,2015
OAS,55-59,90,70,2015
OAS,60-64,80,51,2015
OAS,65-69,53,32,2015
OAS,70-74,41,20,2015
OAS,75-79,23,5,2015
OAS,80-84,7,13,2015
OAS,85+,8,8,2015
OBL,0-4,155,155,2015
OBL,10-14,204,228,2015
OBL,15-19,168,178,2015
OBL,20-24,122,137,2015
OBL,25-29,138,147,2015
OBL,30-34,192,119,2015
OBL,35-39,167,131,2015
OBL,40-44,134,119,2015
OBL,45-49,119,139,2015
OBL,5-9,269,289,2015
OBL,50-54,113,116,2015
OBL,55-59,61,63,2015
OBL,60-64,35,27,2015
OBL,65-69,38,16,2015
OBL,70-74,29,17,2015
OBL,75-79,20,14,2015
OBL,80-84,20,13,2015
OBL,85+,17,16,2015
OTH,0-4,238,241,2015
OTH,10-14,132,144,2015
OTH,15-19,104,127,2015
OTH,20-24,191,222,2015
OTH,25-29,339,552,2015
OTH,30-34,393,614,2015
OTH,35-39,326,475,2015
OTH,40-44,201,307,2015
OTH,45-49,138,240,2015
OTH,5-9,181,184,2015
OTH,50-54,79,200,2015
OTH,55-59,83,85,2015
OTH,60-64,57,63,2015
OTH,65-69,29,36,2015
OTH,70-74,25,24,2015
OTH,75-79,24,21,2015
OTH,80-84,7,10,2015
OTH,85+,14,4,2015
PAK,0-4,127,170,2015
PAK,10-14,68,73,2015
PAK,15-19,49,39,2015
PAK,20-24,105,135,2015
PAK,25-29,180,265,2015
PAK,30-34,171,231,2015
PAK,35-39,106,176,2015
PAK,40-44,75,100,2015
PAK,45-49,54,62,2015
PAK,5-9,83,85,2015
PAK,50-54,26,55,2015
PAK,55-59,38,26,2015
PAK,60-64,33,25,2015
PAK,65-69,22,20,2015
PAK,70-74,13,14,2015
PAK,75-79,10,16,2015
PAK,80-84,4,10,2015
PAK,85+,3,7,2015
WBI,0-4,3242,3217,2015
WBI,10-14,959,980,2015
WBI,15-19,942,1011,2015
WBI,20-24,2285,2046,2015
WBI,25-29,5713,5718,2015
WBI,30-34,6022,7211,2015
WBI,35-39,3584,5210,2015
WBI,40-44,2429,3703,2015
WBI,45-49,2226,3157,2015
WBI,5-9,1459,1482,2015
WBI,50-54,2224,2837,2015
WBI,55-59,2024,2586,2015
WBI,60-64,1749,2120,2015
WBI,65-69,1482,1822,2015
WBI,70-74,1125,1106,2015
WBI,75-79,944,816,2015
WBI,80-84,923,662,2015
WBI,85+,1360,645,2015
WHO,0-4,1819,1780,2015
WHO,10-14,195,193,2015
WHO,15-19,162,180,2015
WHO,20-24,760,542,2015
WHO,25-29,2779,2395,2015
WHO,30-34,4189,4187,2015
WHO,35-39,2940,3463,2015
WHO,40-44,1520,1976,2015
WHO,45-49,754,1052,2015
WHO,5-9,409,460,2015
WHO,50-54,441,548,2015
WHO,55-59,308,310,2015
WHO,60-64,251,212,2015
WHO,65-69,176,172,2015
WHO,70-74,88,80,2015
WHO,75-79,69,55,2015
WHO,80-84,59,37,2015
WHO,85+,58,33,2015
BAN,0-4,4975,4981,2016
BAN,10-14,4729,4792,2016
BAN,15-19,4040,4186,2016
BAN,20-24,3569,3779,2016
BAN,25-29,4069,4161,2016
BAN,30-34,4454,3800,2016
BAN,35-39,4127,4006,2016
BAN,40-44,2990,3518,2016
BAN,45-49,1825,2613,2016
BAN,5-9,4532,4716,2016
BAN,50-54,1174,1537,2016
BAN,55-59,955,1344,2016
BAN,60-64,996,699,2016
BAN,65-69,689,156,2016
BAN,70-74,467,227,2016
BAN,75-79,569,518,2016
BAN,80-84,277,348,2016
BAN,85+,137,204,2016
BLA,0-4,486,505,2016
BLA,10-14,368,391,2016
BLA,15-19,320,329,2016
BLA,20-24,319,350,2016
BLA,25-29,491,416,2016
BLA,30-34,581,459,2016
BLA,35-39,551,494,2016
BLA,40-44,439,411,2016
BLA,45-49,427,345,2016
BLA,5-9,475,474,2016
BLA,50-54,287,263,2016
BLA,55-59,195,188,2016
BLA,60-64,129,109,2016
BLA,65-69,102,85,2016
BLA,70-74,74,32,2016
BLA,75-79,52,57,2016
BLA,80-84,36,27,2016
BLA,85+,33,32,2016
BLC,0-4,158,176,2016
BLC,10-14,147,113,2016
BLC,15-19,101,109,2016
BLC,20-24,159,149,2016
BLC,25-29,252,224,2016
BLC,30-34,272,206,2016
BLC,35-39,213,183,2016
BLC,40-44,176,177,2016
BLC,45-49,250,225,2016
BLC,5-9,128,145,2016
BLC,50-54,300,257,2016
BLC,55-59,216,181,2016
BLC,60-64,149,135,2016
BLC,65-69,82,61,2016
BLC,70-74,90,48,2016
BLC,75-79,87,78,2016
BLC,80-84,76,60,2016
BLC,85+,72,46,2016
CHI,0-4,373,401,2016
CHI,10-14,54,51,2016
CHI,15-19,53,47,2016
CHI,20-24,156,137,2016
CHI,25-29,1012,816,2016
CHI,30-34,1211,995,2016
CHI,35-39,730,647,2016
CHI,40-44,309,303,2016
CHI,45-49,190,137,2016
CHI,5-9,152,174,2016
CHI,50-54,100,83,2016
CHI,55-59,98,81,2016
CHI,60-64,95,70,2016
CHI,65-69,66,52,2016
CHI,70-74,32,31,2016
CHI,75-79,27,20,2016
CHI,80-84,14,19,2016
CHI,85+,16,13,2016
IND,0-4,454,428,2016
IND,10-14,71,75,2016
IND,15-19,53,51,2016
IND,20-24,113,114,2016
IND,25-29,435,473,2016
IND,30-34,851,967,2016
IND,35-39,655,939,2016
IND,40-44,247,367,2016
IND,45-49,133,155,2016
IND,5-9,202,204,2016
IND,50-54,83,87,2016
IND,55-59,72,84,2016
IND,60-64,47,59,2016
IND,65-69,31,24,2016
IND,70-74,24,19,2016
IND,75-79,10,21,2016
IND,80-84,14,14,2016
IND,85+,11,5,2016
MIX,0-4,395,372,2016
MIX,10-14,530,527,2016
MIX,15-19,359,383,2016
MIX,20-24,326,399,2016
MIX,25-29,825,563,2016
MIX,30-34,800,699,2016
MIX,35-39,499,536,2016
MIX,40-44,284,293,2016
MIX,45-49,200,235,2016
MIX,5-9,893,954,2016
MIX,50-54,138,196,2016
MIX,55-59,120,116,2016
MIX,60-64,78,73,2016
MIX,65-69,42,37,2016
MIX,70-74,23,21,2016
MIX,75-79,26,18,2016
MIX,80-84,17,13,2016
MIX,85+,23,13,2016
OAS,0-4,346,350,2016
OAS,10-14,140,122,2016
OAS,15-19,94,98,2016
OAS,20-24,169,160,2016
OAS,25-29,439,422,2016
OAS,30-34,578,428,2016
OAS,35-39,532,380,2016
OAS,40-44,372,312,2016
OAS,45-49,217,131,2016
OAS,5-9,189,187,2016
OAS,50-54,119,78,2016
OAS,55-59,107,69,2016
OAS,60-64,81,53,2016
OAS,65-69,57,40,2016
OAS,70-74,36,21,2016
OAS,75-79,27,7,2016
OAS,80-84,11,9,2016
OAS,85+,10,8,2016
OBL,0-4,103,98,2016
OBL,10-14,210,238,2016
OBL,15-19,195,182,2016
OBL,20-24,121,146,2016
OBL,25-29,131,147,2016
OBL,30-34,175,108,2016
OBL,35-39,173,138,2016
OBL,40-44,141,119,2016
OBL,45-49,130,141,2016
OBL,5-9,281,313,2016
OBL,50-54,121,126,2016
OBL,55-59,66,63,2016
OBL,60-64,36,36,2016
OBL,65-69,35,15,2016
OBL,70-74,31,17,2016
OBL,75-79,23,16,2016
OBL,80-84,17,13,2016
OBL,85+,21,13,2016
OTH,0-4,243,246,2016
OTH,10-14,161,161,2016
OTH,15-19,100,134,2016
OTH,20-24,154,169,2016
OTH,25-29,313,500,2016
OTH,30-34,384,619,2016
OTH,35-39,370,521,2016
OTH,40-44,211,324,2016
OTH,45-49,148,244,2016
OTH,5-9,176,175,2016
OTH,50-54,90,234,2016
OTH,55-59,81,84,2016
OTH,60-64,62,74,2016
OTH,65-69,33,37,2016
OTH,70-74,22,23,2016
OTH,75-79,24,20,2016
OTH,80-84,11,11,2016
OTH,85+,14,4,2016
PAK,0-4,138,173,2016
PAK,10-14,67,69,2016
PAK,15-19,49,49,2016
PAK,20-24,84,98,2016
PAK,25-29,182,262,2016
PAK,30-34,166,229,2016
PAK,35-39,120,198,2016
PAK,40-44,85,113,2016
PAK,45-49,58,61,2016
PAK,5-9,88,95,2016
PAK,50-54,33,60,2016
PAK,55-59,33,31,2016
PAK,60-64,34,24,2016
PAK,65-69,25,18,2016
PAK,70-74,9,18,2016
PAK,75-79,14,12,2016
PAK,80-84,5,10,2016
PAK,85+,2,8,2016
WBI,0-4,3567,3516,2016
WBI,10-14,1021,991,2016
WBI,15-19,917,984,2016
WBI,20-24,1656,1508,2016
WBI,25-29,5309,5027,2016
WBI,30-34,6300,7353,2016
WBI,35-39,3984,5656,2016
WBI,40-44,2458,3784,2016
WBI,45-49,2283,3327,2016
WBI,5-9,1536,1613,2016
WBI,50-54,2250,2871,2016
WBI,55-59,2045,2607,2016
WBI,60-64,1808,2199,2016
WBI,65-69,1540,1924,2016
WBI,70-74,1136,1156,2016
WBI,75-79,945,801,2016
WBI,80-84,879,637,2016
WBI,85+,1433,698,2016
WHO,0-4,2157,2093,2016
WHO,10-14,214,204,2016
WHO,15-19,171,161,2016
WHO,20-24,400,331,2016
WHO,25-29,2359,1845,2016
WHO,30-34,4165,4111,2016
WHO,35-39,3354,3840,2016
WHO,40-44,1739,2203,2016
WHO,45-49,837,1196,2016
WHO,5-9,471,525,2016
WHO,50-54,468,616,2016
WHO,55-59,330,330,2016
WHO,60-64,254,225,2016
WHO,65-69,188,180,2016
WHO,70-74,103,89,2016
WHO,75-79,67,49,2016
WHO,80-84,64,39,2016
WHO,85+,63,38,2016
BAN,0-4,5207,5176,2017
BAN,10-14,4669,4721,2017
BAN,15-19,4155,4278,2017
BAN,20-24,3596,3786,2017
BAN,25-29,3856,3929,2017
BAN,30-34,4569,4113,2017
BAN,35-39,4293,3999,2017
BAN,40-44,3179,3658,2017
BAN,45-49,2020,2734,2017
BAN,5-9,4504,4692,2017
BAN,50-54,1293,1705,2017
BAN,55-59,963,1378,2017
BAN,60-64,977,819,2017
BAN,65-69,762,241,2017
BAN,70-74,483,201,2017
BAN,75-79,537,426,2017
BAN,80-84,304,388,2017
BAN,85+,172,217,2017
BLA,0-4,483,505,2017
BLA,10-14,388,403,2017
BLA,15-19,339,341,2017
BLA,20-24,283,330,2017
BLA,25-29,464,397,2017
BLA,30-34,582,468,2017
BLA,35-39,570,500,2017
BLA,40-44,468,429,2017
BLA,45-49,416,341,2017
BLA,5-9,469,486,2017
BLA,50-54,316,287,2017
BLA,55-59,206,200,2017
BLA,60-64,138,127,2017
BLA,65-69,114,78,2017
BLA,70-74,68,45,2017
BLA,75-79,61,47,2017
BLA,80-84,36,29,2017
BLA,85+,37,31,2017
BLC,0-4,145,152,2017
BLC,10-14,146,120,2017
BLC,15-19,102,118,2017
BLC,20-24,145,132,2017
BLC,25-29,224,196,2017
BLC,30-34,280,225,2017
BLC,35-39,236,201,2017
BLC,40-44,175,165,2017
BLC,45-49,249,226,2017
BLC,5-9,150,162,2017
BLC,50-54,281,245,2017
BLC,55-59,229,193,2017
BLC,60-64,164,135,2017
BLC,65-69,93,72,2017
BLC,70-74,82,49,2017
BLC,75-79,90,75,2017
BLC,80-84,79,57,2017
BLC,85+,73,48,2017
CHI,0-4,398,386,2017
CHI,10-14,69,69,2017
CHI,15-19,49,46,2017
CHI,20-24,104,94,2017
CHI,25-29,842,647,2017
CHI,30-34,1198,1023,2017
CHI,35-39,864,738,2017
CHI,40-44,369,346,2017
CHI,45-49,205,168,2017
CHI,5-9,194,228,2017
CHI,50-54,122,88,2017
CHI,55-59,97,86,2017
CHI,60-64,98,69,2017
CHI,65-69,66,47,2017
CHI,70-74,38,36,2017
CHI,75-79,31,24,2017
CHI,80-84,13,17,2017
CHI,85+,18,16,2017
IND,0-4,453,443,2017
IND,10-14,98,100,2017
IND,15-19,50,57,2017
IND,20-24,71,63,2017
IND,25-29,389,406,2017
IND,30-34,792,904,2017
IND,35-39,699,958,2017
IND,40-44,324,480,2017
IND,45-49,143,184,2017
IND,5-9,260,239,2017
IND,50-54,94,98,2017
IND,55-59,69,83,2017
IND,60-64,57,60,2017
IND,65-69,31,30,2017
IND,70-74,22,22,2017
IND,75-79,15,21,2017
IND,80-84,14,12,2017
IND,85+,11,8,2017
MIX,0-4,378,350,2017
MIX,10-14,611,635,2017
MIX,15-19,368,393,2017
MIX,20-24,332,365,2017
MIX,25-29,687,521,2017
MIX,30-34,861,715,2017
MIX,35-39,576,573,2017
MIX,40-44,301,328,2017
MIX,45-49,221,249,2017
MIX,5-9,819,872,2017
MIX,50-54,151,202,2017
MIX,55-59,117,126,2017
MIX,60-64,80,79,2017
MIX,65-69,53,40,2017
MIX,70-74,26,27,2017
MIX,75-79,26,16,2017
MIX,80-84,18,15,2017
MIX,85+,21,12,2017
OAS,0-4,395,367,2017
OAS,10-14,159,131,2017
OAS,15-19,87,97,2017
OAS,20-24,130,139,2017
OAS,25-29,390,356,2017
OAS,30-34,568,450,2017
OAS,35-39,568,393,2017
OAS,40-44,397,338,2017
OAS,45-49,238,153,2017
OAS,5-9,192,209,2017
OAS,50-54,133,88,2017
OAS,55-59,110,66,2017
OAS,60-64,83,57,2017
OAS,65-69,64,40,2017
OAS,70-74,37,27,2017
OAS,75-79,27,7,2017
OAS,80-84,15,7,2017
OAS,85+,10,9,2017
OBL,0-4,76,83,2017
OBL,10-14,219,253,2017
OBL,15-19,193,191,2017
OBL,20-24,137,147,2017
OBL,25-29,118,147,2017
OBL,30-34,183,126,2017
OBL,35-39,173,129,2017
OBL,40-44,143,121,2017
OBL,45-49,127,136,2017
OBL,5-9,273,290,2017
OBL,50-54,134,125,2017
OBL,55-59,69,79,2017
OBL,60-64,40,38,2017
OBL,65-69,35,20,2017
OBL,70-74,37,15,2017
OBL,75-79,24,16,2017
OBL,80-84,13,13,2017
OBL,85+,25,11,2017
OTH,0-4,218,213,2017
OTH,10-14,167,164,2017
OTH,15-19,103,129,2017
OTH,20-24,120,138,2017
OTH,25-29,293,428,2017
OTH,30-34,387,632,2017
OTH,35-39,377,551,2017
OTH,40-44,249,357,2017
OTH,45-49,146,259,2017
OTH,5-9,202,216,2017
OTH,50-54,106,233,2017
OTH,55-59,83,111,2017
OTH,60-64,61,73,2017
OTH,65-69,39,40,2017
OTH,70-74,20,26,2017
OTH,75-79,28,19,2017
OTH,80-84,12,16,2017
OTH,85+,16,6,2017
PAK,0-4,150,170,2017
PAK,10-14,76,75,2017
PAK,15-19,50,51,2017
PAK,20-24,61,65,2017
PAK,25-29,167,247,2017
PAK,30-34,178,241,2017
PAK,35-39,133,214,2017
PAK,40-44,94,122,2017
PAK,45-49,58,67,2017
PAK,5-9,87,109,2017
PAK,50-54,38,62,2017
PAK,55-59,33,37,2017
PAK,60-64,33,28,2017
PAK,65-69,25,15,2017
PAK,70-74,16,18,2017
PAK,75-79,13,9,2017
PAK,80-84,5,13,2017
PAK,85+,3,9,2017
WBI,0-4,3352,3240,2017
WBI,10-14,1123,1097,2017
WBI,15-19,911,975,2017
WBI,20-24,1225,1206,2017
WBI,25-29,4611,4220,2017
WBI,30-34,6356,7227,2017
WBI,35-39,4577,6087,2017
WBI,40-44,2699,4099,2017
WBI,45-49,2300,3380,2017
WBI,5-9,2146,2237,2017
WBI,50-54,2249,2916,2017
WBI,55-59,2048,2655,2017
WBI,60-64,1850,2292,2017
WBI,65-69,1570,1846,2017
WBI,70-74,1187,1325,2017
WBI,75-79,946,802,2017
WBI,80-84,849,638,2017
WBI,85+,1444,718,2017
WHO,0-4,2230,2182,2017
WHO,10-14,264,260,2017
WHO,15-19,164,155,2017
WHO,20-24,258,251,2017
WHO,25-29,1954,1462,2017
WHO,30-34,3911,3807,2017
WHO,35-39,3612,3962,2017
WHO,40-44,2024,2509,2017
WHO,45-49,969,1334,2017
WHO,5-9,737,757,2017
WHO,50-54,532,712,2017
WHO,55-59,353,383,2017
WHO,60-64,270,248,2017
WHO,65-69,204,168,2017
WHO,70-74,119,125,2017
WHO,75-79,67,44,2017
WHO,80-84,61,37,2017
WHO,85+,64,42,2017
BAN,0-4,5306,5230,2018
BAN,10-14,4597,4687,2018
BAN,15-19,4285,4412,2018
BAN,20-24,3821,3977,2018
BAN,25-29,3516,3591,2018
BAN,30-34,4631,4272,2018
BAN,35-39,4413,4041,2018
BAN,40-44,3433,3729,2018
BAN,45-49,2159,2904,2018
BAN,5-9,4685,4790,2018
BAN,50-54,1404,1860,2018
BAN,55-59,1007,1427,2018
BAN,60-64,971,927,2018
BAN,65-69,826,337,2018
BAN,70-74,498,185,2018
BAN,75-79,524,347,2018
BAN,80-84,341,386,2018
BAN,85+,204,256,2018
BLA,0-4,490,482,2018
BLA,10-14,406,424,2018
BLA,15-19,331,340,2018
BLA,20-24,289,336,2018
BLA,25-29,411,358,2018
BLA,30-34,584,463,2018
BLA,35-39,591,507,2018
BLA,40-44,475,442,2018
BLA,45-49,425,363,2018
BLA,5-9,483,514,2018
BLA,50-54,329,293,2018
BLA,55-59,227,213,2018
BLA,60-64,156,145,2018
BLA,65-69,108,74,2018
BLA,70-74,79,57,2018
BLA,75-79,64,39,2018
BLA,80-84,34,33,2018
BLA,85+,40,30,2018
BLC,0-4,138,149,2018
BLC,10-14,144,121,2018
BLC,15-19,108,116,2018
BLC,20-24,143,128,2018
BLC,25-29,195,178,2018
BLC,30-34,283,238,2018
BLC,35-39,248,200,2018
BLC,40-44,179,175,2018
BLC,45-49,237,195,2018
BLC,5-9,152,172,2018
BLC,50-54,273,251,2018
BLC,55-59,250,199,2018
BLC,60-64,165,143,2018
BLC,65-69,106,89,2018
BLC,70-74,76,55,2018
BLC,75-79,94,57,2018
BLC,80-84,77,67,2018
BLC,85+,81,50,2018
CHI,0-4,411,372,2018
CHI,10-14,83,85,2018
CHI,15-19,52,48,2018
CHI,20-24,71,65,2018
CHI,25-29,632,501,2018
CHI,30-34,1207,1009,2018
CHI,35-39,969,815,2018
CHI,40-44,451,406,2018
CHI,45-49,224,200,2018
CHI,5-9,241,292,2018
CHI,50-54,135,98,2018
CHI,55-59,95,86,2018
CHI,60-64,100,68,2018
CHI,65-69,73,48,2018
CHI,70-74,45,49,2018
CHI,75-79,26,18,2018
CHI,80-84,16,17,2018
CHI,85+,20,19,2018
IND,0-4,432,421,2018
IND,10-14,128,128,2018
IND,15-19,46,58,2018
IND,20-24,53,41,2018
IND,25-29,318,328,2018
IND,30-34,714,806,2018
IND,35-39,761,989,2018
IND,40-44,397,583,2018
IND,45-49,168,223,2018
IND,5-9,316,306,2018
IND,50-54,98,115,2018
IND,55-59,68,75,2018
IND,60-64,61,65,2018
IND,65-69,36,40,2018
IND,70-74,19,20,2018
IND,75-79,19,22,2018
IND,80-84,14,10,2018
IND,85+,12,9,2018
MIX,0-4,404,368,2018
MIX,10-14,688,720,2018
MIX,15-19,387,396,2018
MIX,20-24,324,367,2018
MIX,25-29,577,460,2018
MIX,30-34,869,703,2018
MIX,35-39,655,614,2018
MIX,40-44,354,375,2018
MIX,45-49,233,254,2018
MIX,5-9,723,778,2018
MIX,50-54,157,211,2018
MIX,55-59,118,138,2018
MIX,60-64,91,84,2018
MIX,65-69,52,50,2018
MIX,70-74,30,31,2018
MIX,75-79,25,11,2018
MIX,80-84,19,19,2018
MIX,85+,23,13,2018
OAS,0-4,383,378,2018
OAS,10-14,172,149,2018
OAS,15-19,105,103,2018
OAS,20-24,87,117,2018
OAS,25-29,343,308,2018
OAS,30-34,556,449,2018
OAS,35-39,584,415,2018
OAS,40-44,427,345,2018
OAS,45-49,267,194,2018
OAS,5-9,226,233,2018
OAS,50-54,152,95,2018
OAS,55-59,107,60,2018
OAS,60-64,84,63,2018
OAS,65-69,71,41,2018
OAS,70-74,43,30,2018
OAS,75-79,31,11,2018
OAS,80-84,15,6,2018
OAS,85+,11,10,2018
OBL,0-4,66,79,2018
OBL,10-14,244,256,2018
OBL,15-19,191,208,2018
OBL,20-24,151,156,2018
OBL,25-29,112,149,2018
OBL,30-34,173,128,2018
OBL,35-39,177,127,2018
OBL,40-44,156,131,2018
OBL,45-49,123,120,2018
OBL,5-9,238,244,2018
OBL,50-54,134,128,2018
OBL,55-59,75,98,2018
OBL,60-64,48,44,2018
OBL,65-69,40,22,2018
OBL,70-74,35,14,2018
OBL,75-79,23,17,2018
OBL,80-84,16,8,2018
OBL,85+,26,17,2018
OTH,0-4,235,222,2018
OTH,10-14,183,176,2018
OTH,15-19,106,134,2018
OTH,20-24,103,115,2018
OTH,25-29,265,350,2018
OTH,30-34,373,629,2018
OTH,35-39,388,572,2018
OTH,40-44,282,403,2018
OTH,45-49,156,271,2018
OTH,5-9,203,224,2018
OTH,50-54,111,227,2018
OTH,55-59,85,150,2018
OTH,60-64,65,68,2018
OTH,65-69,49,45,2018
OTH,70-74,16,31,2018
OTH,75-79,26,17,2018
OTH,80-84,16,19,2018
OTH,85+,18,7,2018
PAK,0-4,142,159,2018
PAK,10-14,76,77,2018
PAK,15-19,51,52,2018
PAK,20-24,55,43,2018
PAK,25-29,143,224,2018
PAK,30-34,190,250,2018
PAK,35-39,148,219,2018
PAK,40-44,97,147,2018
PAK,45-49,59,69,2018
PAK,5-9,108,136,2018
PAK,50-54,44,62,2018
PAK,55-59,31,46,2018
PAK,60-64,31,28,2018
PAK,65-69,31,17,2018
PAK,70-74,12,19,2018
PAK,75-79,14,7,2018
PAK,80-84,6,13,2018
PAK,85+,3,10,2018
WBI,0-4,3289,3201,2018
WBI,10-14,1233,1211,2018
WBI,15-19,912,967,2018
WBI,20-24,964,1047,2018
WBI,25-29,3830,3411,2018
WBI,30-34,6337,6901,2018
WBI,35-39,5099,6517,2018
WBI,40-44,2994,4465,2018
WBI,45-49,2279,3428,2018
WBI,5-9,2548,2597,2018
WBI,50-54,2249,2993,2018
WBI,55-59,2078,2676,2018
WBI,60-64,1878,2325,2018
WBI,65-69,1638,1872,2018
WBI,70-74,1223,1460,2018
WBI,75-79,980,811,2018
WBI,80-84,814,633,2018
WBI,85+,1421,744,2018
WHO,0-4,2160,2123,2018
WHO,10-14,311,327,2018
WHO,15-19,175,163,2018
WHO,20-24,170,183,2018
WHO,25-29,1532,1153,2018
WHO,30-34,3652,3384,2018
WHO,35-39,3840,4096,2018
WHO,40-44,2309,2814,2018
WHO,45-49,1096,1491,2018
WHO,5-9,1124,1107,2018
WHO,50-54,587,814,2018
WHO,55-59,377,443,2018
WHO,60-64,293,258,2018
WHO,65-69,211,176,2018
WHO,70-74,132,133,2018
WHO,75-79,70,53,2018
WHO,80-84,62,40,2018
WHO,85+,64,44,2018
BAN,0-4,5366,5308,2019
BAN,10-14,4581,4662,2019
BAN,15-19,4446,4529,2019
BAN,20-24,3902,4030,2019
BAN,25-29,3411,3596,2019
BAN,30-34,4528,4276,2019
BAN,35-39,4518,4025,2019
BAN,40-44,3613,3810,2019
BAN,45-49,2383,3048,2019
BAN,5-9,4772,4900,2019
BAN,50-54,1531,2084,2019
BAN,55-59,1042,1443,2019
BAN,60-64,966,1051,2019
BAN,65-69,870,434,2019
BAN,70-74,540,173,2019
BAN,75-79,495,281,2019
BAN,80-84,369,392,2019
BAN,85+,227,275,2019
BLA,0-4,498,462,2019
BLA,10-14,427,434,2019
BLA,15-19,345,362,2019
BLA,20-24,299,336,2019
BLA,25-29,380,339,2019
BLA,30-34,550,465,2019
BLA,35-39,603,486,2019
BLA,40-44,500,452,2019
BLA,45-49,416,383,2019
BLA,5-9,477,525,2019
BLA,50-54,358,312,2019
BLA,55-59,253,222,2019
BLA,60-64,171,159,2019
BLA,65-69,109,76,2019
BLA,70-74,83,65,2019
BLA,75-79,62,38,2019
BLA,80-84,40,33,2019
BLA,85+,42,31,2019
BLC,0-4,149,144,2019
BLC,10-14,138,133,2019
BLC,15-19,117,112,2019
BLC,20-24,126,123,2019
BLC,25-29,181,170,2019
BLC,30-34,280,230,2019
BLC,35-39,263,207,2019
BLC,40-44,189,179,2019
BLC,45-49,204,186,2019
BLC,5-9,155,172,2019
BLC,50-54,272,237,2019
BLC,55-59,269,211,2019
BLC,60-64,170,149,2019
BLC,65-69,122,108,2019
BLC,70-74,76,49,2019
BLC,75-79,94,60,2019
BLC,80-84,77,60,2019
BLC,85+,90,56,2019
CHI,0-4,404,360,2019
CHI,10-14,105,117,2019
CHI,15-19,52,50,2019
CHI,20-24,70,64,2019
CHI,25-29,446,360,2019
CHI,30-34,1146,939,2019
CHI,35-39,1085,899,2019
CHI,40-44,531,495,2019
CHI,45-49,244,228,2019
CHI,5-9,293,330,2019
CHI,50-54,147,105,2019
CHI,55-59,105,82,2019
CHI,60-64,100,73,2019
CHI,65-69,80,54,2019
CHI,70-74,46,48,2019
CHI,75-79,26,22,2019
CHI,80-84,19,15,2019
CHI,85+,17,18,2019
IND,0-4,432,410,2019
IND,10-14,156,155,2019
IND,15-19,53,61,2019
IND,20-24,55,44,2019
IND,25-29,238,245,2019
IND,30-34,621,708,2019
IND,35-39,810,988,2019
IND,40-44,476,698,2019
IND,45-49,188,265,2019
IND,5-9,355,345,2019
IND,50-54,109,121,2019
IND,55-59,77,81,2019
IND,60-64,64,71,2019
IND,65-69,38,46,2019
IND,70-74,22,19,2019
IND,75-79,19,15,2019
IND,80-84,10,16,2019
IND,85+,16,11,2019
MIX,0-4,410,398,2019
MIX,10-14,749,774,2019
MIX,15-19,431,432,2019
MIX,20-24,344,373,2019
MIX,25-29,468,440,2019
MIX,30-34,882,661,2019
MIX,35-39,709,638,2019
MIX,40-44,397,435,2019
MIX,45-49,241,271,2019
MIX,5-9,620,659,2019
MIX,50-54,169,211,2019
MIX,55-59,129,156,2019
MIX,60-64,94,96,2019
MIX,65-69,62,49,2019
MIX,70-74,31,30,2019
MIX,75-79,28,13,2019
MIX,80-84,17,16,2019
MIX,85+,25,14,2019
OAS,0-4,371,370,2019
OAS,10-14,170,153,2019
OAS,15-19,114,109,2019
OAS,20-24,94,109,2019
OAS,25-29,273,248,2019
OAS,30-34,529,444,2019
OAS,35-39,589,442,2019
OAS,40-44,473,336,2019
OAS,45-49,282,237,2019
OAS,5-9,279,283,2019
OAS,50-54,179,103,2019
OAS,55-59,108,66,2019
OAS,60-64,90,63,2019
OAS,65-69,70,44,2019
OAS,70-74,47,29,2019
OAS,75-79,33,15,2019
OAS,80-84,15,5,2019
OAS,85+,12,10,2019
OBL,0-4,71,80,2019
OBL,10-14,242,264,2019
OBL,15-19,199,220,2019
OBL,20-24,161,171,2019
OBL,25-29,120,139,2019
OBL,30-34,159,139,2019
OBL,35-39,184,131,2019
OBL,40-44,159,127,2019
OBL,45-49,128,121,2019
OBL,5-9,206,194,2019
OBL,50-54,127,129,2019
OBL,55-59,90,104,2019
OBL,60-64,56,55,2019
OBL,65-69,37,25,2019
OBL,70-74,33,12,2019
OBL,75-79,25,19,2019
OBL,80-84,16,8,2019
OBL,85+,29,17,2019
OTH,0-4,223,228,2019
OTH,10-14,185,174,2019
OTH,15-19,116,137,2019
OTH,20-24,111,125,2019
OTH,25-29,217,275,2019
OTH,30-34,366,590,2019
OTH,35-39,395,599,2019
OTH,40-44,297,445,2019
OTH,45-49,175,287,2019
OTH,5-9,217,237,2019
OTH,50-54,122,233,2019
OTH,55-59,84,172,2019
OTH,60-64,76,71,2019
OTH,65-69,49,57,2019
OTH,70-74,20,28,2019
OTH,75-79,24,18,2019
OTH,80-84,20,20,2019
OTH,85+,17,9,2019
PAK,0-4,142,146,2019
PAK,10-14,80,82,2019
PAK,15-19,58,60,2019
PAK,20-24,53,39,2019
PAK,25-29,125,175,2019
PAK,30-34,178,256,2019
PAK,35-39,167,236,2019
PAK,40-44,102,152,2019
PAK,45-49,65,89,2019
PAK,5-9,113,155,2019
PAK,50-54,47,62,2019
PAK,55-59,32,52,2019
PAK,60-64,31,25,2019
PAK,65-69,28,18,2019
PAK,70-74,19,18,2019
PAK,75-79,13,13,2019
PAK,80-84,7,12,2019
PAK,85+,2,11,2019
WBI,0-4,3246,3177,2019
WBI,10-14,1330,1305,2019
WBI,15-19,949,985,2019
WBI,20-24,958,1016,2019
WBI,25-29,2994,2674,2019
WBI,30-34,6069,6332,2019
WBI,35-39,5602,6956,2019
WBI,40-44,3275,4794,2019
WBI,45-49,2299,3524,2019
WBI,5-9,2904,2921,2019
WBI,50-54,2242,3047,2019
WBI,55-59,2137,2722,2019
WBI,60-64,1924,2396,2019
WBI,65-69,1641,1875,2019
WBI,70-74,1300,1579,2019
WBI,75-79,996,850,2019
WBI,80-84,776,605,2019
WBI,85+,1472,778,2019
WHO,0-4,2112,2073,2019
WHO,10-14,354,394,2019
WHO,15-19,195,168,2019
WHO,20-24,154,184,2019
WHO,25-29,1121,831,2019
WHO,30-34,3240,2891,2019
WHO,35-39,4053,4192,2019
WHO,40-44,2617,3115,2019
WHO,45-49,1267,1712,2019
WHO,5-9,1456,1452,2019
WHO,50-54,681,892,2019
WHO,55-59,403,503,2019
WHO,60-64,287,282,2019
WHO,65-69,227,173,2019
WHO,70-74,146,146,2019
WHO,75-79,76,60,2019
WHO,80-84,60,38,2019
WHO,85+,74,44,2019
BAN,0-4,5384,5339,2020
BAN,10-14,4567,4711,2020
BAN,15-19,4568,4660,2020
BAN,20-24,3994,4115,2020
BAN,25-29,3417,3610,2020
BAN,30-34,4336,4231,2020
BAN,35-39,4529,3955,2020
BAN,40-44,3803,3832,2020
BAN,45-49,2698,3319,2020
BAN,5-9,4899,4974,2020
BAN,50-54,1659,2299,2020
BAN,55-59,1104,1459,2020
BAN,60-64,947,1155,2020
BAN,65-69,897,527,2020
BAN,70-74,603,159,2020
BAN,75-79,439,233,2020
BAN,80-84,414,371,2020
BAN,85+,255,300,2020
BLA,0-4,486,478,2020
BLA,10-14,458,453,2020
BLA,15-19,359,383,2020
BLA,20-24,299,326,2020
BLA,25-29,346,340,2020
BLA,30-34,524,433,2020
BLA,35-39,609,491,2020
BLA,40-44,506,460,2020
BLA,45-49,442,395,2020
BLA,5-9,474,519,2020
BLA,50-54,377,331,2020
BLA,55-59,272,231,2020
BLA,60-64,181,181,2020
BLA,65-69,122,87,2020
BLA,70-74,89,63,2020
BLA,75-79,60,38,2020
BLA,80-84,45,33,2020
BLA,85+,45,34,2020
BLC,0-4,145,148,2020
BLC,10-14,130,140,2020
BLC,15-19,136,119,2020
BLC,20-24,104,114,2020
BLC,25-29,176,160,2020
BLC,30-34,267,225,2020
BLC,35-39,256,201,2020
BLC,40-44,215,181,2020
BLC,45-49,190,186,2020
BLC,5-9,156,169,2020
BLC,50-54,260,228,2020
BLC,55-59,280,231,2020
BLC,60-64,193,147,2020
BLC,65-69,125,119,2020
BLC,70-74,82,48,2020
BLC,75-79,86,52,2020
BLC,80-84,74,62,2020
BLC,85+,104,58,2020
CHI,0-4,397,364,2020
CHI,10-14,121,144,2020
CHI,15-19,52,52,2020
CHI,20-24,57,48,2020
CHI,25-29,307,244,2020
CHI,30-34,1069,888,2020
CHI,35-39,1161,949,2020
CHI,40-44,625,562,2020
CHI,45-49,283,273,2020
CHI,5-9,337,367,2020
CHI,50-54,158,117,2020
CHI,55-59,110,77,2020
CHI,60-64,90,78,2020
CHI,65-69,83,65,2020
CHI,70-74,53,44,2020
CHI,75-79,26,23,2020
CHI,80-84,24,15,2020
CHI,85+,15,19,2020
IND,0-4,396,394,2020
IND,10-14,183,173,2020
IND,15-19,60,70,2020
IND,20-24,54,44,2020
IND,25-29,168,181,2020
IND,30-34,520,584,2020
IND,35-39,840,987,2020
IND,40-44,567,816,2020
IND,45-49,214,313,2020
IND,5-9,412,395,2020
IND,50-54,124,138,2020
IND,55-59,79,80,2020
IND,60-64,67,78,2020
IND,65-69,43,46,2020
IND,70-74,21,24,2020
IND,75-79,23,13,2020
IND,80-84,8,14,2020
IND,85+,16,12,2020
MIX,0-4,415,406,2020
MIX,10-14,826,877,2020
MIX,15-19,487,458,2020
MIX,20-24,346,369,2020
MIX,25-29,391,427,2020
MIX,30-34,857,616,2020
MIX,35-39,754,672,2020
MIX,40-44,449,486,2020
MIX,45-49,264,286,2020
MIX,5-9,509,515,2020
MIX,50-54,187,216,2020
MIX,55-59,120,172,2020
MIX,60-64,115,103,2020
MIX,65-69,65,54,2020
MIX,70-74,35,32,2020
MIX,75-79,23,14,2020
MIX,80-84,20,14,2020
MIX,85+,26,16,2020
OAS,0-4,353,374,2020
OAS,10-14,179,173,2020
OAS,15-19,121,109,2020
OAS,20-24,95,111,2020
OAS,25-29,224,192,2020
OAS,30-34,477,444,2020
OAS,35-39,589,428,2020
OAS,40-44,513,367,2020
OAS,45-49,315,263,2020
OAS,5-9,320,314,2020
OAS,50-54,196,118,2020
OAS,55-59,121,70,2020
OAS,60-64,89,68,2020
OAS,65-69,76,43,2020
OAS,70-74,48,30,2020
OAS,75-79,36,19,2020
OAS,80-84,19,4,2020
OAS,85+,11,9,2020
OBL,0-4,79,74,2020
OBL,10-14,268,289,2020
OBL,15-19,203,228,2020
OBL,20-24,168,177,2020
OBL,25-29,122,137,2020
OBL,30-34,138,147,2020
OBL,35-39,192,116,2020
OBL,40-44,167,130,2020
OBL,45-49,133,118,2020
OBL,5-9,154,154,2020
OBL,50-54,118,136,2020
OBL,55-59,111,110,2020
OBL,60-64,59,61,2020
OBL,65-69,34,27,2020
OBL,70-74,36,14,2020
OBL,75-79,27,15,2020
OBL,80-84,17,12,2020
OBL,85+,28,14,2020
OTH,0-4,218,240,2020
OTH,10-14,181,183,2020
OTH,15-19,132,144,2020
OTH,20-24,104,127,2020
OTH,25-29,191,221,2020
OTH,30-34,338,552,2020
OTH,35-39,392,613,2020
OTH,40-44,325,472,2020
OTH,45-49,201,307,2020
OTH,5-9,238,241,2020
OTH,50-54,138,235,2020
OTH,55-59,79,200,2020
OTH,60-64,80,80,2020
OTH,65-69,55,61,2020
OTH,70-74,25,30,2020
OTH,75-79,23,20,2020
OTH,80-84,21,18,2020
OTH,85+,17,10,2020
PAK,0-4,130,143,2020
PAK,10-14,83,85,2020
PAK,15-19,68,73,2020
PAK,20-24,49,38,2020
PAK,25-29,105,135,2020
PAK,30-34,180,265,2020
PAK,35-39,171,230,2020
PAK,40-44,106,176,2020
PAK,45-49,75,100,2020
PAK,5-9,127,167,2020
PAK,50-54,54,62,2020
PAK,55-59,24,55,2020
PAK,60-64,36,26,2020
PAK,65-69,30,20,2020
PAK,70-74,19,16,2020
PAK,75-79,11,13,2020
PAK,80-84,8,13,2020
PAK,85+,4,12,2020
WBI,0-4,3163,3123,2020
WBI,10-14,1459,1480,2020
WBI,15-19,959,978,2020
WBI,20-24,940,1008,2020
WBI,25-29,2281,2045,2020
WBI,30-34,5697,5709,2020
WBI,35-39,6002,7182,2020
WBI,40-44,3575,5179,2020
WBI,45-49,2416,3673,2020
WBI,5-9,3233,3210,2020
WBI,50-54,2199,3098,2020
WBI,55-59,2176,2743,2020
WBI,60-64,1965,2458,2020
WBI,65-69,1662,1975,2020
WBI,70-74,1368,1599,2020
WBI,75-79,1015,910,2020
WBI,80-84,755,583,2020
WBI,85+,1489,804,2020
WHO,0-4,2045,2035,2020
WHO,10-14,409,459,2020
WHO,15-19,195,193,2020
WHO,20-24,162,179,2020
WHO,25-29,758,541,2020
WHO,30-34,2773,2390,2020
WHO,35-39,4181,4178,2020
WHO,40-44,2929,3450,2020
WHO,45-49,1508,1962,2020
WHO,5-9,1817,1772,2020
WHO,50-54,747,1028,2020
WHO,55-59,431,532,2020
WHO,60-64,296,295,2020
WHO,65-69,242,196,2020
WHO,70-74,167,146,2020
WHO,75-79,83,64,2020
WHO,80-84,58,39,2020
WHO,85+,78,49,2020
BAN,0-4,5419,5412,2021
BAN,10-14,4531,4707,2021
BAN,15-19,4726,4785,2021
BAN,20-24,4036,4174,2021
BAN,25-29,3566,3768,2021
BAN,30-34,4067,4157,2021
BAN,35-39,4441,3786,2021
BAN,40-44,4114,3982,2021
BAN,45-49,2979,3485,2021
BAN,5-9,4958,4957,2021
BAN,50-54,1806,2573,2021
BAN,55-59,1149,1479,2021
BAN,60-64,926,1270,2021
BAN,65-69,948,637,2021
BAN,70-74,636,142,2021
BAN,75-79,408,190,2021
BAN,80-84,441,374,2021
BAN,85+,281,313,2021
BLA,0-4,480,511,2021
BLA,10-14,475,474,2021
BLA,15-19,367,391,2021
BLA,20-24,320,329,2021
BLA,25-29,319,350,2021
BLA,30-34,490,415,2021
BLA,35-39,580,458,2021
BLA,40-44,551,492,2021
BLA,45-49,434,405,2021
BLA,5-9,486,505,2021
BLA,50-54,424,338,2021
BLA,55-59,282,256,2021
BLA,60-64,190,184,2021
BLA,65-69,124,97,2021
BLA,70-74,97,74,2021
BLA,75-79,65,25,2021
BLA,80-84,45,43,2021
BLA,85+,51,32,2021
BLC,0-4,142,146,2021
BLC,10-14,128,145,2021
BLC,15-19,147,113,2021
BLC,20-24,101,109,2021
BLC,25-29,159,149,2021
BLC,30-34,252,224,2021
BLC,35-39,271,204,2021
BLC,40-44,212,182,2021
BLC,45-49,176,174,2021
BLC,5-9,158,175,2021
BLC,50-54,249,219,2021
BLC,55-59,299,247,2021
BLC,60-64,208,168,2021
BLC,65-69,142,121,2021
BLC,70-74,78,52,2021
BLC,75-79,84,40,2021
BLC,80-84,74,66,2021
BLC,85+,108,62,2021
CHI,0-4,380,373,2021
CHI,10-14,152,174,2021
CHI,15-19,54,51,2021
CHI,20-24,53,47,2021
CHI,25-29,156,137,2021
CHI,30-34,1010,814,2021
CHI,35-39,1205,992,2021
CHI,40-44,729,642,2021
CHI,45-49,306,300,2021
CHI,5-9,371,398,2021
CHI,50-54,189,134,2021
CHI,55-59,100,78,2021
CHI,60-64,93,79,2021
CHI,65-69,89,67,2021
CHI,70-74,61,45,2021
CHI,75-79,29,26,2021
CHI,80-84,24,15,2021
CHI,85+,14,20,2021
IND,0-4,383,384,2021
IND,10-14,202,204,2021
IND,15-19,71,75,2021
IND,20-24,53,50,2021
IND,25-29,113,114,2021
IND,30-34,433,473,2021
IND,35-39,847,963,2021
IND,40-44,653,936,2021
IND,45-49,245,365,2021
IND,5-9,454,427,2021
IND,50-54,133,151,2021
IND,55-59,81,84,2021
IND,60-64,69,80,2021
IND,65-69,44,55,2021
IND,70-74,28,19,2021
IND,75-79,20,15,2021
IND,80-84,8,15,2021
IND,85+,17,11,2021
MIX,0-4,428,410,2021
MIX,10-14,893,954,2021
MIX,15-19,529,526,2021
MIX,20-24,359,383,2021
MIX,25-29,326,399,2021
MIX,30-34,825,560,2021
MIX,35-39,800,693,2021
MIX,40-44,498,534,2021
MIX,45-49,282,290,2021
MIX,5-9,394,372,2021
MIX,50-54,198,231,2021
MIX,55-59,134,188,2021
MIX,60-64,117,108,2021
MIX,65-69,73,66,2021
MIX,70-74,41,33,2021
MIX,75-79,19,13,2021
MIX,80-84,21,15,2021
MIX,85+,26,20,2021
OAS,0-4,346,346,2021
OAS,10-14,189,187,2021
OAS,15-19,140,122,2021
OAS,20-24,93,98,2021
OAS,25-29,169,159,2021
OAS,30-34,439,421,2021
OAS,35-39,577,426,2021
OAS,40-44,531,375,2021
OAS,45-49,369,308,2021
OAS,5-9,346,349,2021
OAS,50-54,215,128,2021
OAS,55-59,117,72,2021
OAS,60-64,106,67,2021
OAS,65-69,77,47,2021
OAS,70-74,53,37,2021
OAS,75-79,33,19,2021
OAS,80-84,22,6,2021
OAS,85+,16,9,2021
OBL,0-4,78,73,2021
OBL,10-14,281,313,2021
OBL,15-19,208,238,2021
OBL,20-24,195,181,2021
OBL,25-29,121,146,2021
OBL,30-34,131,147,2021
OBL,35-39,175,107,2021
OBL,40-44,173,136,2021
OBL,45-49,140,119,2021
OBL,5-9,103,97,2021
OBL,50-54,130,136,2021
OBL,55-59,118,125,2021
OBL,60-64,64,59,2021
OBL,65-69,35,33,2021
OBL,70-74,32,13,2021
OBL,75-79,27,15,2021
OBL,80-84,21,15,2021
OBL,85+,29,13,2021
OTH,0-4,211,235,2021
OTH,10-14,176,174,2021
OTH,15-19,161,161,2021
OTH,20-24,100,134,2021
OTH,25-29,154,168,2021
OTH,30-34,313,500,2021
OTH,35-39,383,618,2021
OTH,40-44,369,518,2021
OTH,45-49,210,324,2021
OTH,5-9,243,246,2021
OTH,50-54,148,240,2021
OTH,55-59,90,231,2021
OTH,60-64,80,81,2021
OTH,65-69,60,70,2021
OTH,70-74,29,33,2021
OTH,75-79,20,19,2021
OTH,80-84,21,16,2021
OTH,85+,21,10,2021
PAK,0-4,134,138,2021
PAK,10-14,88,95,2021
PAK,15-19,67,69,2021
PAK,20-24,49,48,2021
PAK,25-29,84,98,2021
PAK,30-34,182,262,2021
PAK,35-39,166,228,2021
PAK,40-44,120,197,2021
PAK,45-49,85,113,2021
PAK,5-9,138,173,2021
PAK,50-54,58,61,2021
PAK,55-59,31,59,2021
PAK,60-64,32,31,2021
PAK,65-69,32,20,2021
PAK,70-74,21,16,2021
PAK,75-79,8,15,2021
PAK,80-84,9,9,2021
PAK,85+,4,14,2021
WBI,0-4,3105,3058,2021
WBI,10-14,1536,1610,2021
WBI,15-19,1021,990,2021
WBI,20-24,916,981,2021
WBI,25-29,1652,1506,2021
WBI,30-34,5297,5013,2021
WBI,35-39,6276,7323,2021
WBI,40-44,3975,5625,2021
WBI,45-49,2445,3747,2021
WBI,5-9,3554,3515,2021
WBI,50-54,2262,3270,2021
WBI,55-59,2194,2768,2021
WBI,60-64,1989,2481,2021
WBI,65-69,1723,2054,2021
WBI,70-74,1410,1693,2021
WBI,75-79,1013,957,2021
WBI,80-84,763,584,2021
WBI,85+,1491,801,2021
WHO,0-4,1982,1980,2021
WHO,10-14,471,525,2021
WHO,15-19,214,204,2021
WHO,20-24,171,160,2021
WHO,25-29,399,330,2021
WHO,30-34,2352,1843,2021
WHO,35-39,4157,4101,2021
WHO,40-44,3345,3823,2021
WHO,45-49,1724,2188,2021
WHO,5-9,2155,2086,2021
WHO,50-54,831,1170,2021
WHO,55-59,460,596,2021
WHO,60-64,319,314,2021
WHO,65-69,244,208,2021
WHO,70-74,179,154,2021
WHO,75-79,96,69,2021
WHO,80-84,58,36,2021
WHO,85+,85,52,2021
